{
  "GET /api/learn/paths" : {
    "transaction" : "GET /api/learn/paths",
    "sampleCount" : 100,
    "errorCount" : 0,
    "errorPct" : 0.0,
    "meanResTime" : 6.1000000000000005,
    "medianResTime" : 6.0,
    "minResTime" : 3.0,
    "maxResTime" : 17.0,
    "pct1ResTime" : 9.0,
    "pct2ResTime" : 10.0,
    "pct3ResTime" : 16.95999999999998,
    "throughput" : 21.41327623126338,
    "receivedKBytesPerSec" : 37.703258832976445,
    "sentKBytesPerSec" : 7.360813704496788
  },
  "GET /api/user/info" : {
    "transaction" : "GET /api/user/info",
    "sampleCount" : 100,
    "errorCount" : 0,
    "errorPct" : 0.0,
    "meanResTime" : 6.350000000000001,
    "medianResTime" : 6.0,
    "minResTime" : 3.0,
    "maxResTime" : 38.0,
    "pct1ResTime" : 10.0,
    "pct2ResTime" : 10.949999999999989,
    "pct3ResTime" : 37.74999999999987,
    "throughput" : 21.119324181626187,
    "receivedKBytesPerSec" : 16.76758843717001,
    "sentKBytesPerSec" : 7.218519007391763
  },
  "GET /api/learn/my" : {
    "transaction" : "GET /api/learn/my",
    "sampleCount" : 100,
    "errorCount" : 0,
    "errorPct" : 0.0,
    "meanResTime" : 8.25,
    "medianResTime" : 8.0,
    "minResTime" : 4.0,
    "maxResTime" : 18.0,
    "pct1ResTime" : 11.900000000000006,
    "pct2ResTime" : 13.0,
    "pct3ResTime" : 17.969999999999985,
    "throughput" : 21.340162185232607,
    "receivedKBytesPerSec" : 12.128881241997439,
    "sentKBytesPerSec" : 7.27316074477166
  },
  "POST /api/user/login" : {
    "transaction" : "POST /api/user/login",
    "sampleCount" : 10,
    "errorCount" : 0,
    "errorPct" : 0.0,
    "meanResTime" : 11.199999999999998,
    "medianResTime" : 5.0,
    "minResTime" : 3.0,
    "maxResTime" : 66.0,
    "pct1ResTime" : 60.30000000000002,
    "pct2ResTime" : 66.0,
    "pct3ResTime" : 66.0,
    "throughput" : 2.257336343115124,
    "receivedKBytesPerSec" : 1.3711554740406322,
    "sentKBytesPerSec" : 0.606218256207675
  },
  "Total" : {
    "transaction" : "Total",
    "sampleCount" : 1010,
    "errorCount" : 0,
    "errorPct" : 0.0,
    "meanResTime" : 8.306930693069305,
    "medianResTime" : 7.0,
    "minResTime" : 2.0,
    "maxResTime" : 73.0,
    "pct1ResTime" : 14.0,
    "pct2ResTime" : 19.0,
    "pct3ResTime" : 28.0,
    "throughput" : 203.83451059535824,
    "receivedKBytesPerSec" : 348.9077478557013,
    "sentKBytesPerSec" : 64.94978241675075
  },
  "GET /api/submit/my" : {
    "transaction" : "GET /api/submit/my",
    "sampleCount" : 100,
    "errorCount" : 0,
    "errorPct" : 0.0,
    "meanResTime" : 7.210000000000002,
    "medianResTime" : 7.0,
    "minResTime" : 3.0,
    "maxResTime" : 14.0,
    "pct1ResTime" : 11.0,
    "pct2ResTime" : 12.0,
    "pct3ResTime" : 13.989999999999995,
    "throughput" : 21.64033758926639,
    "receivedKBytesPerSec" : 10.439772235446872,
    "sentKBytesPerSec" : 7.713596894611555
  },
  "GET /api/problem/list" : {
    "transaction" : "GET /api/problem/list",
    "sampleCount" : 100,
    "errorCount" : 0,
    "errorPct" : 0.0,
    "meanResTime" : 17.059999999999988,
    "medianResTime" : 15.5,
    "minResTime" : 8.0,
    "maxResTime" : 73.0,
    "pct1ResTime" : 25.0,
    "pct2ResTime" : 28.0,
    "pct3ResTime" : 72.67999999999984,
    "throughput" : 20.764119601328904,
    "receivedKBytesPerSec" : 71.25499636627907,
    "sentKBytesPerSec" : 4.197434333471761
  },
  "GET /api/problem/detail/1" : {
    "transaction" : "GET /api/problem/detail/1",
    "sampleCount" : 100,
    "errorCount" : 0,
    "errorPct" : 0.0,
    "meanResTime" : 4.840000000000001,
    "medianResTime" : 4.5,
    "minResTime" : 2.0,
    "maxResTime" : 16.0,
    "pct1ResTime" : 7.0,
    "pct2ResTime" : 8.0,
    "pct3ResTime" : 15.989999999999995,
    "throughput" : 21.07037505267594,
    "receivedKBytesPerSec" : 37.32584018120522,
    "sentKBytesPerSec" : 4.0330014749262535
  },
  "GET /api/learn/path/detail/1" : {
    "transaction" : "GET /api/learn/path/detail/1",
    "sampleCount" : 100,
    "errorCount" : 0,
    "errorPct" : 0.0,
    "meanResTime" : 12.959999999999994,
    "medianResTime" : 12.0,
    "minResTime" : 6.0,
    "maxResTime" : 43.0,
    "pct1ResTime" : 18.0,
    "pct2ResTime" : 20.0,
    "pct3ResTime" : 42.95999999999998,
    "throughput" : 21.459227467811157,
    "receivedKBytesPerSec" : 80.01106491416309,
    "sentKBytesPerSec" : 7.54425965665236
  },
  "GET /api/knowledge-graph/stats" : {
    "transaction" : "GET /api/knowledge-graph/stats",
    "sampleCount" : 100,
    "errorCount" : 0,
    "errorPct" : 0.0,
    "meanResTime" : 6.65,
    "medianResTime" : 6.0,
    "minResTime" : 3.0,
    "maxResTime" : 16.0,
    "pct1ResTime" : 9.900000000000006,
    "pct2ResTime" : 10.949999999999989,
    "pct3ResTime" : 15.95999999999998,
    "throughput" : 21.867483052700635,
    "receivedKBytesPerSec" : 77.5398739886289,
    "sentKBytesPerSec" : 7.730496938552372
  },
  "GET /api/community/posts" : {
    "transaction" : "GET /api/community/posts",
    "sampleCount" : 100,
    "errorCount" : 0,
    "errorPct" : 0.0,
    "meanResTime" : 6.090000000000001,
    "medianResTime" : 6.0,
    "minResTime" : 3.0,
    "maxResTime" : 21.0,
    "pct1ResTime" : 8.900000000000006,
    "pct2ResTime" : 10.949999999999989,
    "pct3ResTime" : 20.91999999999996,
    "throughput" : 21.26754572522331,
    "receivedKBytesPerSec" : 14.538361335601872,
    "sentKBytesPerSec" : 7.705331507868992
  },
  "GET /api/wrong-book/list" : {
    "transaction" : "GET /api/wrong-book/list",
    "sampleCount" : 100,
    "errorCount" : 0,
    "errorPct" : 0.0,
    "meanResTime" : 7.269999999999999,
    "medianResTime" : 6.5,
    "minResTime" : 3.0,
    "maxResTime" : 42.0,
    "pct1ResTime" : 10.0,
    "pct2ResTime" : 12.0,
    "pct3ResTime" : 41.70999999999985,
    "throughput" : 21.682567215958368,
    "receivedKBytesPerSec" : 9.996425764310494,
    "sentKBytesPerSec" : 7.538080008673027
  }
}