{
  "GET /api/learn/paths" : {
    "transaction" : "GET /api/learn/paths",
    "sampleCount" : 500,
    "errorCount" : 0,
    "errorPct" : 0.0,
    "meanResTime" : 5.021999999999997,
    "medianResTime" : 4.0,
    "minResTime" : 2.0,
    "maxResTime" : 18.0,
    "pct1ResTime" : 9.0,
    "pct2ResTime" : 10.0,
    "pct3ResTime" : 13.0,
    "throughput" : 50.90612909794339,
    "receivedKBytesPerSec" : 89.63256910507026,
    "sentKBytesPerSec" : 17.498981877418043
  },
  "GET /api/user/info" : {
    "transaction" : "GET /api/user/info",
    "sampleCount" : 500,
    "errorCount" : 0,
    "errorPct" : 0.0,
    "meanResTime" : 5.303999999999991,
    "medianResTime" : 4.0,
    "minResTime" : 2.0,
    "maxResTime" : 42.0,
    "pct1ResTime" : 9.0,
    "pct2ResTime" : 10.0,
    "pct3ResTime" : 16.0,
    "throughput" : 50.59704513256426,
    "receivedKBytesPerSec" : 40.171286809350335,
    "sentKBytesPerSec" : 17.293911910544423
  },
  "GET /api/learn/my" : {
    "transaction" : "GET /api/learn/my",
    "sampleCount" : 500,
    "errorCount" : 0,
    "errorPct" : 0.0,
    "meanResTime" : 7.161999999999997,
    "medianResTime" : 6.0,
    "minResTime" : 3.0,
    "maxResTime" : 36.0,
    "pct1ResTime" : 12.0,
    "pct2ResTime" : 14.0,
    "pct3ResTime" : 18.0,
    "throughput" : 50.844010575554194,
    "receivedKBytesPerSec" : 28.897670073215377,
    "sentKBytesPerSec" : 17.328671573113688
  },
  "POST /api/user/login" : {
    "transaction" : "POST /api/user/login",
    "sampleCount" : 50,
    "errorCount" : 0,
    "errorPct" : 0.0,
    "meanResTime" : 5.639999999999999,
    "medianResTime" : 4.0,
    "minResTime" : 2.0,
    "maxResTime" : 59.0,
    "pct1ResTime" : 8.0,
    "pct2ResTime" : 9.449999999999996,
    "pct3ResTime" : 59.0,
    "throughput" : 5.16422226812642,
    "receivedKBytesPerSec" : 3.136861573022103,
    "sentKBytesPerSec" : 1.3868760973972318
  },
  "Total" : {
    "transaction" : "Total",
    "sampleCount" : 5050,
    "errorCount" : 0,
    "errorPct" : 0.0,
    "meanResTime" : 7.31346534653465,
    "medianResTime" : 6.0,
    "minResTime" : 1.0,
    "maxResTime" : 60.0,
    "pct1ResTime" : 14.0,
    "pct2ResTime" : 19.0,
    "pct3ResTime" : 31.0,
    "throughput" : 500.7933359777866,
    "receivedKBytesPerSec" : 857.2183114959341,
    "sentKBytesPerSec" : 159.57267546360572
  },
  "GET /api/submit/my" : {
    "transaction" : "GET /api/submit/my",
    "sampleCount" : 500,
    "errorCount" : 0,
    "errorPct" : 0.0,
    "meanResTime" : 6.1099999999999985,
    "medianResTime" : 5.0,
    "minResTime" : 2.0,
    "maxResTime" : 20.0,
    "pct1ResTime" : 11.0,
    "pct2ResTime" : 13.0,
    "pct3ResTime" : 16.99000000000001,
    "throughput" : 51.08295872496935,
    "receivedKBytesPerSec" : 24.643536728647323,
    "sentKBytesPerSec" : 18.2082811861463
  },
  "GET /api/problem/list" : {
    "transaction" : "GET /api/problem/list",
    "sampleCount" : 500,
    "errorCount" : 0,
    "errorPct" : 0.0,
    "meanResTime" : 16.71199999999999,
    "medianResTime" : 14.0,
    "minResTime" : 6.0,
    "maxResTime" : 60.0,
    "pct1ResTime" : 29.0,
    "pct2ResTime" : 34.0,
    "pct3ResTime" : 43.99000000000001,
    "throughput" : 50.22601707684581,
    "receivedKBytesPerSec" : 172.35764063284782,
    "sentKBytesPerSec" : 10.153110873932697
  },
  "GET /api/problem/detail/1" : {
    "transaction" : "GET /api/problem/detail/1",
    "sampleCount" : 500,
    "errorCount" : 0,
    "errorPct" : 0.0,
    "meanResTime" : 4.006,
    "medianResTime" : 3.0,
    "minResTime" : 1.0,
    "maxResTime" : 17.0,
    "pct1ResTime" : 7.0,
    "pct2ResTime" : 9.0,
    "pct3ResTime" : 13.0,
    "throughput" : 50.530570995452244,
    "receivedKBytesPerSec" : 89.51411697827186,
    "sentKBytesPerSec" : 9.671867104598283
  },
  "GET /api/learn/path/detail/1" : {
    "transaction" : "GET /api/learn/path/detail/1",
    "sampleCount" : 500,
    "errorCount" : 0,
    "errorPct" : 0.0,
    "meanResTime" : 11.819999999999999,
    "medianResTime" : 10.0,
    "minResTime" : 4.0,
    "maxResTime" : 44.0,
    "pct1ResTime" : 20.0,
    "pct2ResTime" : 23.94999999999999,
    "pct3ResTime" : 30.99000000000001,
    "throughput" : 50.94243504839532,
    "receivedKBytesPerSec" : 189.93966505348956,
    "sentKBytesPerSec" : 17.90944982170148
  },
  "GET /api/knowledge-graph/stats" : {
    "transaction" : "GET /api/knowledge-graph/stats",
    "sampleCount" : 500,
    "errorCount" : 0,
    "errorPct" : 0.0,
    "meanResTime" : 6.125999999999999,
    "medianResTime" : 5.0,
    "minResTime" : 2.0,
    "maxResTime" : 24.0,
    "pct1ResTime" : 10.0,
    "pct2ResTime" : 13.0,
    "pct3ResTime" : 16.99000000000001,
    "throughput" : 51.20852109791069,
    "receivedKBytesPerSec" : 181.58021494776733,
    "sentKBytesPerSec" : 18.103012341253585
  },
  "GET /api/community/posts" : {
    "transaction" : "GET /api/community/posts",
    "sampleCount" : 500,
    "errorCount" : 0,
    "errorPct" : 0.0,
    "meanResTime" : 4.962,
    "medianResTime" : 4.0,
    "minResTime" : 2.0,
    "maxResTime" : 20.0,
    "pct1ResTime" : 8.0,
    "pct2ResTime" : 10.0,
    "pct3ResTime" : 13.0,
    "throughput" : 50.80268238162975,
    "receivedKBytesPerSec" : 34.72839615931721,
    "sentKBytesPerSec" : 18.40604996443812
  },
  "GET /api/wrong-book/list" : {
    "transaction" : "GET /api/wrong-book/list",
    "sampleCount" : 500,
    "errorCount" : 0,
    "errorPct" : 0.0,
    "meanResTime" : 6.077999999999996,
    "medianResTime" : 5.0,
    "minResTime" : 2.0,
    "maxResTime" : 21.0,
    "pct1ResTime" : 11.0,
    "pct2ResTime" : 12.949999999999989,
    "pct3ResTime" : 17.99000000000001,
    "throughput" : 51.12997238981491,
    "receivedKBytesPerSec" : 23.5727148097965,
    "sentKBytesPerSec" : 17.77565446364659
  }
}