{
  "GET /api/learn/paths" : {
    "transaction" : "GET /api/learn/paths",
    "sampleCount" : 100,
    "errorCount" : 0,
    "errorPct" : 0.0,
    "meanResTime" : 5.600000000000001,
    "medianResTime" : 5.0,
    "minResTime" : 3.0,
    "maxResTime" : 21.0,
    "pct1ResTime" : 8.900000000000006,
    "pct2ResTime" : 9.949999999999989,
    "pct3ResTime" : 20.949999999999974,
    "throughput" : 20.968756552736423,
    "receivedKBytesPerSec" : 36.92057428182009,
    "sentKBytesPerSec" : 7.208010065003145
  },
  "GET /api/user/info" : {
    "transaction" : "GET /api/user/info",
    "sampleCount" : 100,
    "errorCount" : 0,
    "errorPct" : 0.0,
    "meanResTime" : 5.74,
    "medianResTime" : 4.5,
    "minResTime" : 3.0,
    "maxResTime" : 41.0,
    "pct1ResTime" : 9.0,
    "pct2ResTime" : 10.0,
    "pct3ResTime" : 40.70999999999985,
    "throughput" : 20.764119601328904,
    "receivedKBytesPerSec" : 16.485575425664454,
    "sentKBytesPerSec" : 7.097111191860465
  },
  "GET /api/learn/my" : {
    "transaction" : "GET /api/learn/my",
    "sampleCount" : 100,
    "errorCount" : 0,
    "errorPct" : 0.0,
    "meanResTime" : 7.260000000000002,
    "medianResTime" : 7.0,
    "minResTime" : 4.0,
    "maxResTime" : 19.0,
    "pct1ResTime" : 10.0,
    "pct2ResTime" : 11.0,
    "pct3ResTime" : 18.97999999999999,
    "throughput" : 20.903010033444815,
    "receivedKBytesPerSec" : 11.880421718227426,
    "sentKBytesPerSec" : 7.124170411789298
  },
  "POST /api/user/login" : {
    "transaction" : "POST /api/user/login",
    "sampleCount" : 10,
    "errorCount" : 0,
    "errorPct" : 0.0,
    "meanResTime" : 10.299999999999999,
    "medianResTime" : 4.5,
    "minResTime" : 2.0,
    "maxResTime" : 62.0,
    "pct1ResTime" : 56.60000000000002,
    "pct2ResTime" : 62.0,
    "pct3ResTime" : 62.0,
    "throughput" : 2.2675736961451247,
    "receivedKBytesPerSec" : 1.3773738662131518,
    "sentKBytesPerSec" : 0.6089675453514739
  },
  "Total" : {
    "transaction" : "Total",
    "sampleCount" : 1010,
    "errorCount" : 100,
    "errorPct" : 9.9009905,
    "meanResTime" : 7.195049504950505,
    "medianResTime" : 6.0,
    "minResTime" : 0.0,
    "maxResTime" : 62.0,
    "pct1ResTime" : 13.0,
    "pct2ResTime" : 18.0,
    "pct3ResTime" : 27.889999999999986,
    "throughput" : 200.7154213036566,
    "receivedKBytesPerSec" : 339.41563058922895,
    "sentKBytesPerSec" : 60.831382278418126
  },
  "GET /api/submit/my" : {
    "transaction" : "GET /api/submit/my",
    "sampleCount" : 100,
    "errorCount" : 0,
    "errorPct" : 0.0,
    "meanResTime" : 6.890000000000002,
    "medianResTime" : 6.0,
    "minResTime" : 3.0,
    "maxResTime" : 39.0,
    "pct1ResTime" : 9.0,
    "pct2ResTime" : 11.0,
    "pct3ResTime" : 38.72999999999986,
    "throughput" : 21.123785382340515,
    "receivedKBytesPerSec" : 10.190576151246303,
    "sentKBytesPerSec" : 7.529474281791297
  },
  "GET /api/problem/list" : {
    "transaction" : "GET /api/problem/list",
    "sampleCount" : 100,
    "errorCount" : 0,
    "errorPct" : 0.0,
    "meanResTime" : 16.02,
    "medianResTime" : 14.0,
    "minResTime" : 8.0,
    "maxResTime" : 56.0,
    "pct1ResTime" : 24.900000000000006,
    "pct2ResTime" : 27.94999999999999,
    "pct3ResTime" : 55.84999999999992,
    "throughput" : 20.483408439164275,
    "receivedKBytesPerSec" : 70.29169653830398,
    "sentKBytesPerSec" : 4.140689010651372
  },
  "GET /api/problem/detail/1" : {
    "transaction" : "GET /api/problem/detail/1",
    "sampleCount" : 100,
    "errorCount" : 0,
    "errorPct" : 0.0,
    "meanResTime" : 4.479999999999998,
    "medianResTime" : 4.0,
    "minResTime" : 2.0,
    "maxResTime" : 16.0,
    "pct1ResTime" : 8.0,
    "pct2ResTime" : 9.0,
    "pct3ResTime" : 15.949999999999974,
    "throughput" : 20.70393374741201,
    "receivedKBytesPerSec" : 36.67669513457557,
    "sentKBytesPerSec" : 3.9628623188405796
  },
  "GET /api/learn/path/detail/1" : {
    "transaction" : "GET /api/learn/path/detail/1",
    "sampleCount" : 100,
    "errorCount" : 0,
    "errorPct" : 0.0,
    "meanResTime" : 11.709999999999997,
    "medianResTime" : 11.0,
    "minResTime" : 6.0,
    "maxResTime" : 33.0,
    "pct1ResTime" : 17.0,
    "pct2ResTime" : 19.0,
    "pct3ResTime" : 32.909999999999954,
    "throughput" : 21.01281781886951,
    "receivedKBytesPerSec" : 78.34661956293338,
    "sentKBytesPerSec" : 7.387318764446312
  },
  "GET /api/knowledge-graph/stats" : {
    "transaction" : "GET /api/knowledge-graph/stats",
    "sampleCount" : 100,
    "errorCount" : 0,
    "errorPct" : 0.0,
    "meanResTime" : 6.579999999999998,
    "medianResTime" : 5.0,
    "minResTime" : 3.0,
    "maxResTime" : 57.0,
    "pct1ResTime" : 9.900000000000006,
    "pct2ResTime" : 10.0,
    "pct3ResTime" : 56.539999999999765,
    "throughput" : 21.326508850501174,
    "receivedKBytesPerSec" : 75.62163441032203,
    "sentKBytesPerSec" : 7.539254105352954
  },
  "GET /api/community/posts" : {
    "transaction" : "GET /api/community/posts",
    "sampleCount" : 100,
    "errorCount" : 100,
    "errorPct" : 100.0,
    "meanResTime" : 1.09,
    "medianResTime" : 1.0,
    "minResTime" : 0.0,
    "maxResTime" : 4.0,
    "pct1ResTime" : 2.0,
    "pct2ResTime" : 2.0,
    "pct3ResTime" : 4.0,
    "throughput" : 20.77274615704196,
    "receivedKBytesPerSec" : 9.858940070627337,
    "sentKBytesPerSec" : 4.26003583298712
  },
  "GET /api/wrong-book/list" : {
    "transaction" : "GET /api/wrong-book/list",
    "sampleCount" : 100,
    "errorCount" : 0,
    "errorPct" : 0.0,
    "meanResTime" : 6.27,
    "medianResTime" : 6.0,
    "minResTime" : 3.0,
    "maxResTime" : 18.0,
    "pct1ResTime" : 9.0,
    "pct2ResTime" : 10.0,
    "pct3ResTime" : 17.929999999999964,
    "throughput" : 21.272069772388853,
    "receivedKBytesPerSec" : 9.807172011274197,
    "sentKBytesPerSec" : 7.395368006807063
  }
}